variabel,OLS,WLS,GLS,Ridge
const,4.992951040987455,4.992950875591302,4.992943474559971,4.992950574883663
X1,3.010600294182235,3.010408779674243,2.9641292281635527,3.006802041274441
X2,-0.018505084403965325,-0.01811478786997771,0.03231075655791072,-0.01622473800324236
X3,-0.00043694540130561894,-0.0008729888312709467,-0.005902813575548845,0.0005089069715174591
X4,-2.5071588029365257,-2.507357172875287,-2.481592403793402,-2.5062962907480753
X5,0.013939552476528583,0.014491612260449383,-0.006880442721250182,0.01424190563986501
X6,1.811161215859494,1.8107473830818666,1.8057957124088564,1.8096181244616187
X7,-0.034458761174094056,-0.03347352353184258,0.008748907879147647,-0.0335237878404727
X8,0.013059354367067793,0.01293531340763644,-0.0035625208511467607,0.013436778775790895
X9,-1.2173410512112939,-1.217494450502438,-1.2179255126004487,-1.216961468070024
X10,0.02792053671990225,0.02754000876349547,0.006037291483544875,0.028058646195168912
X11,2.201554156416473,2.202486384663215,2.1532937771008287,2.1977580665890333
X12,-0.010457287246421375,-0.011391699260513593,0.01617791195071306,-0.007815779759685546
X13,0.011674405614155194,0.011816046286665235,0.007534289044204046,0.01261803327192469
X14,-0.011625239385873998,-0.011792938662782445,-0.00011121078213522506,-0.011256348744318778
X15,-1.4908842905994637,-1.4910201872225601,-1.4695945588594241,-1.4905713813672268
X16,0.0053573075055641135,0.005274713130513826,-0.020495684773415405,0.006076188153490653
X17,1.4354555238642357,1.4355710801967487,1.4327685655959272,1.4345772622799284
X18,-0.009076479000682732,-0.008872947189697765,0.00917035916496814,-0.009216207699007445
X19,-0.762628986374133,-0.7625582939390739,-0.8110657118341013,-0.7619163284403662
X20,-0.06896466866584532,-0.06929652047049903,-0.012545747787560848,-0.06937240997916289
X21,-0.09054022713163641,-0.09032206382655107,-0.040125025884513936,-0.09025221266965991
X22,0.05478215393799281,0.054970048534233956,0.03787887376133119,0.0546876832098623
X23,1.0478994943422786,1.047401099569869,1.0051773006438323,1.047539920530579
X24,-0.07540683679072431,-0.07520476670826012,-0.038530336366023876,-0.07514626862833382
X25,0.06209937787631766,0.062078026969133046,0.03204707464396348,0.062006017066340506
X26,-1.7904966754345841,-1.7895107384681423,-1.6567711329140877,-1.7856392126054181
X27,0.22525410443781213,0.22411548249079868,0.07050222754032666,0.21955693638777612
X28,-0.1762578760328239,-0.17673870746903497,-0.04467417043865736,-0.17470797903642302
X29,0.15253132761691454,0.15333962894996794,0.040290162125779835,0.1517605046672553
X30,0.4773661575632032,0.47722392930068286,0.49212282283238584,0.4774391329747661
