Variabel,VIF
X28,334.16565683364763
X29,329.21685853650473
X27,298.656722074049
X26,289.9200728080501
X11,202.25269484690372
X1,139.64078872032843
X12,133.25034559169802
X6,94.53096823005274
X2,82.12673787942752
X19,76.99994859240786
X24,76.39359865189552
X21,73.2628227300345
X25,59.07847450077538
X20,59.009449094344056
X16,57.13056407816088
X22,55.468124228945946
X7,54.63433574706386
X17,53.05618971337484
X13,45.75280708301832
X23,36.11852668500891
X3,33.22843276762114
X18,23.28398933115215
X8,21.72190893076645
X4,17.02529476881424
X14,17.011559063259856
X9,13.519369095920196
X5,10.025077470574766
X15,9.124389988371103
X10,7.595399442405401
X30,5.004717501922745
